{
	"InputSize ": 30,
	"HiddenSize ": 4,
	"OutputSize ": 3,
	"Wy": [[-0.023554433077881,-0.108751286381798,-0.031737120755129,0.053157649399608],[0.274270561788321,0.069390908047413,0.181780050592885,0.071810530653719],[-0.014449935963160,0.146259733406913,-0.278466360328995,0.089881394263431]],
	"Wz": [[0.098421665214588,0.074045519395830,-0.115770736074457,-0.200113411133853,-0.332205446336253,0.064891289319758,0.054844226845178,-0.016838225721630,0.223484783482017,0.116119557408056,0.012827947414881,-0.085757181166093,0.028310558494787,-0.222776876906475,-0.102963053864101,-0.051004732632951,-0.135849299481948,0.143309226651320,-0.097211667876953,0.010160130486218,0.151429386566127,-0.016749094286847,-0.066331433604154,-0.070015055813794,0.121459088987908,-0.038235575093146,0.172255095837240,-0.013491018753681,0.083317170224812,-0.104297277133102,0.091195540982988,0.027059349174987,-0.073205934738968,-0.049347662202587],[0.097836117737309,-0.101215756760194,0.071974007254908,-0.011731702703743,-0.067502772777590,0.000253486105406,-0.081570585555997,0.072459367608007,0.062357695368065,-0.050707859794231,0.036160365516204,0.114166475105379,0.052821703666294,-0.184540190319297,-0.177379186707200,0.125647353712540,0.095394431567064,0.052504722110462,0.026277162006023,-0.184710709219159,-0.006484930438531,0.028349397669568,-0.037762609760078,-0.037845162411613,-0.142539787598950,0.003817102871375,-0.151829884101794,0.117822461688987,-0.170498310084874,0.028454817717537,0.100300929643456,-0.003130079066271,0.229940114356803,0.078346339265762],[0.005734573562231,0.127519907022200,-0.009357655175829,0.129233624903804,0.204295101938257,-0.009973789747378,0.020470385945051,-0.050144503477766,0.047056958621576,0.137664482593168,-0.108856271180921,-0.215704719564705,-0.089449633574145,0.061029179948597,0.157554093764744,0.117477736699460,-0.094474337279481,-0.164751990078464,-0.161863199999554,-0.087045390539523,0.107497692479247,0.039807185545589,0.183423364250318,0.000769296043792,-0.078120444987338,0.231450461644890,-0.010069672440254,0.134858219217143,-0.001910409488443,0.100353403117600,0.201435226787072,0.115317171046267,-0.154008960798145,-0.099242145933965],[-0.025920748438756,0.016994969206173,0.259651920126919,0.075367969814364,-0.188101549434731,0.008371680932216,-0.048701809746082,-0.250351747860537,-0.019920830984068,0.096818572796214,0.057974656432692,0.033313751109747,0.142723841059838,0.008068347884577,0.174987706970710,0.078185631858691,0.074741322625143,0.200760549725402,0.029039164411268,0.036108979290830,0.078065428164724,-0.056451546169084,-0.064060615317622,0.039480608778812,0.019380024475110,0.035753981104468,0.039654583464172,-0.036883443309336,-0.039468298404280,0.270814499489619,0.108901874534422,-0.000466807212470,-0.052691007835167,-0.062373868321908]],
	"Wr": [[0.220010255062864,0.113937806105332,0.241114103998680,-0.041995036248679,0.220491538763198,0.121046376048240,-0.065321398276758,0.091599007608310,0.206546530958930,0.079868910543828,-0.097383324970319,0.083486699190772,0.138888182758444,0.063802921219568,-0.092122644968540,0.057308242409672,-0.186542352493371,-0.058286623958627,-0.003981092146449,-0.165008157134461,-0.112675785462924,0.091839359166406,-0.055257791398600,-0.103826411378949,0.077109815021856,-0.012337130512539,0.075149488719474,0.188875575435302,-0.085991453954676,-0.121947720113590,0.076696053005778,0.168793361178317,-0.153396403723760,0.069726038551072],[-0.135199960382386,0.084363282692890,-0.184379040173758,0.026261396240363,-0.255357458047088,-0.002592547399479,0.008456940181805,0.005352990335582,-0.131186627865764,-0.032404144652154,-0.062552694413363,-0.046157089606881,0.039350127077082,-0.051586711055893,0.049456836336350,0.012139938907520,-0.051073164151297,0.062480121581578,-0.017774895275078,0.078586532034328,-0.137197438581860,0.022532415383627,0.093857843474965,-0.071611988777030,0.073584564457628,-0.014703060717791,-0.077899217200550,0.047211051817598,0.060621798558755,0.031220796628473,0.118381059670436,0.176891648154075,-0.098008012371220,-0.059958942326141],[0.064518478600710,-0.047133447918010,-0.097354307829975,0.194769348749588,0.083985445899504,-0.123454843464106,0.095178105136775,-0.089950156834552,0.058516960281031,-0.049508914697157,0.062014454937547,0.203443494180969,0.055444926831503,0.205292077264782,-0.048631369149500,-0.118441606320420,-0.033105318064139,-0.216896803800204,-0.195183991999149,-0.017319349046556,0.158340275201597,0.078948578005439,0.182726255151165,0.041490772639748,0.120106308623207,0.087976454071773,-0.024263739111757,-0.189288556119732,-0.149330172292266,-0.101651969486076,0.010947151519902,0.153324154289599,-0.004122728153600,0.113760232360379],[-0.093058658647899,-0.013513412647415,0.157835871732675,-0.133654273449218,0.269443770337473,0.106674681633775,-0.168501950629834,-0.042258834192378,-0.027674251438389,0.033361644376420,-0.156094206090549,-0.081338508924175,-0.063345678690231,-0.095538613573032,0.034059229601341,-0.118922453337817,0.113402519753606,0.035275284478859,0.401037109177567,0.072483606414119,-0.073783415625042,0.169404897349779,-0.025353815883224,-0.026763896917047,-0.002718318886144,0.020503628508280,0.086980581578674,-0.089499572510121,-0.188121272016403,0.092587460611089,0.003977311158240,0.072594453540628,-0.094079443887772,0.012695524231840]],
	"Wh": [[0.004121452578271,-0.049191325228671,0.064276772148288,-0.091615138250581,0.039521123492869,-0.082966532534162,0.247018452360318,0.030631818255894,-0.241523175053669,-0.161458016042503,-0.291022962214272,0.162392795251786,-0.077858799682517,-0.061487161290357,-0.015292401968793,0.113197525059154,-0.206645548842778,-0.085437727070584,0.113862201199278,-0.076497303197267,-0.064104676927513,0.063234868021821,-0.115144691914636,-0.184554364834126,0.186869973928801,-0.098328617692414,-0.125471365127178,0.059854904771763,0.048842102970195,-0.097495407374946,-0.055883123630221,0.102465971701935,0.162970275150124,0.002856535544387],[-0.038766209471506,-0.036530982562716,0.063798112613768,-0.083021836336476,0.203155049759610,-0.056166559890708,0.163438948669008,-0.114608555038322,-0.110161331361736,-0.038373062001389,0.006823224849394,0.046841433022625,0.024154746764882,0.155855933092774,-0.059054928745867,-0.073106694507052,-0.095161785554900,0.185254048597401,-0.199875765485495,-0.028684126408679,-0.046430290871037,-0.011734948925432,0.111651351736145,0.170392957378850,0.064088688161625,-0.070794288739146,0.031704038130128,-0.107260460413978,-0.229284879871411,0.055060168861415,-0.090132916122102,0.018575040419336,-0.064747762762875,-0.105886927717802],[0.052043698331418,-0.167400253604667,-0.049249469059621,-0.069692588467411,-0.057981249600157,0.026502936674645,0.206279531580655,0.075642707904240,0.124294193090426,-0.032003755661033,-0.139227401081446,0.039570794529867,0.130370532474516,-0.148413690318505,-0.144482217127672,-0.081875095111350,-0.082506395379650,-0.070751626124760,-0.013618694186341,-0.034171349849909,-0.128928394246757,0.166606746683739,0.125581712818306,0.139198987749895,0.055356045824807,0.095302327253689,-0.037997457508106,0.194811113348501,0.037979456766143,-0.018513520445445,0.013491290547561,-0.181357571723878,0.239625120191591,0.102282285854406],[-0.153163924847735,0.042617369507103,0.132332178251560,-0.249838667069391,-0.011536984755854,-0.187445029848552,0.158587123055380,0.201070657343424,-0.053555939527641,0.027823824789638,-0.085923822671226,0.020534418383354,0.075834900667360,-0.020016908730391,-0.034466179543015,0.125205150554650,0.168879991971715,0.262657308898923,0.078481134949189,-0.067342753232128,0.063131507281335,0.152069730912665,-0.030727523765307,-0.054548866539687,0.089265584117747,0.123097937273501,0.067604462880846,-0.171263589349609,0.076347941944575,0.027993628526014,0.116381537821046,0.134099380603290,-0.080439804863136,0.099695310994683]],
	"by": [-0.154726739679215,0.001022292778522,0.153704446900692],